Fleur,Yates,08-12-1992
Stacey,Hodge,22-12-1997
Jameson,James,12-03-1990
Keely,Cummings,07-06-1980
Roth,Bond,08-06-1982
Meghan,Cummings,03-05-1996
Erasmus,Kelley,29-02-1999
Griffin,Conrad,17-04-1992
Timon,Lucas,21-08-1995
Fay,Lindsey,28-07-1983
Alfreda,Parsons,02-01-1984
Pandora,Robinson,28-04-1997
Astra,Raymond,03-05-1991
Shelby,Fields,12-02-1987
Asher,Walls,11-09-1983
Jackson,Logan,05-01-1993
Serena,Petersen,18-01-1994
Octavius,Carey,18-05-1994
Carissa,Maxwell,18-08-1985
Ida,Martinez,28-09-1986
Aristotle,Roberson,29-05-1996
Yardley,Gilmore,03-04-1998
Althea,Duffy,16-11-1989
Ahmed,Sharpe,12-05-1988
Raymond,Fitzgerald,28-11-1994
Eduardo,Franco,02-06-1989
Merritt,Middleton,20-01-1987
Garth,Fuller,03-10-1996
Maxwell,Bird,05-04-1997
Eleni,Mckinney,03-07-1983